Term, Object Type, Inscription Type, Inscription, Modern Place Name, Modern Latitude, Modern Longitude
gladiator*,vaso,estampilla,[L]origa / [Me]nto/[nianus vicit] / t(hraex) Clad[dus) / Me[nto/nianus / vicit [o(plomachus) - - -]lia Municipio Calag[orri Iulia] C(aius) Val(erius) Verdull(us pingit),Velilla de Ebro,41.3743809,-0.4369722
gladiator*,vaso,estampilla,- - - - - - / obi(t) / t(hraex),Pradejón,42.3334209,-2.0689709
gladiator*,relief,,griechisch :
[---]α̣  Kριτος  /  Μαρίσκος // ἀπελύθη / ἐξω / λούδου,Kos,36.8915064,27.2877228
gladiator*,aedificium,cetera,((:gladiator, murmillo cum galea et scuto)),Ercolano (Napoli),40.8079195,14.3481628
gladiator*,stele,grabinschrift,griechisch :

Ἀργοῦτος ἐνθάδε ἐγὼ / κεῖμε ῥητιάριος νει(κῶν) ϛ̣ʹ·/ θάπτε δέ με Ὀρέστης̣/ 
μνείας χάριν· χαῖρε /  παροδεῖτα.,Constanta (Konstanza),44.1598013,28.6348138
gladiator*,relief,ehreninschrift,griechisch :

ἀγ̣α̣θῇ   τύχῃ. // 
[ὑπὲρ τῆς τοῦ θειοτά]του κ̣[αὶ με]γίστου καὶ ἀνεικήτου Αὐτοκράτορος Μ(άρκου) ∙ Αὐρ(ηλίου) ∙ Σευήρ[ου [[Ἀλεξάνδρου]] ] / [εὐσεβοῦς εὐτυχο]ῦ̣ς Σεβ(αστοῦ) κ̣[αὶ]〚[Ἰουλίας Μαμαίας Σεβ(αστῆς)]]  τύχης τε καὶ νείκης καὶ αἰωνίου̣ [διαμονῆς καὶ] / [τοῦ σύμπαντος οἴκο]υ̣ κ̣α̣[ὶ ἱερᾶ]ς συνκλήτου καὶ δήμου τοῦ Ῥωμαίων καὶ τῶν ἱερῶν στρ[ατευμάτων καὶ τοῦ] / [λαμπροτάτου  ἡγεμόνος Λ(ουκίου) Μαντε]ννίου Σαβείνου πρεσβ(ευτοῦ) ∙ Σεβ(αστοῦ) ∙ ἀντιστρατήγου καὶ βουλῆς κα[ὶ δήμου Ὀδησσιτῶν] / [---ἀρχιερεὺς] τ̣ῆς πόλεως Μ(ᾶρκος) ∙ Αὐρ(ήλιος) ∙ Σίμων Σίμωνος βουλε̣[υτὴς] κ̣αὶ ∙ Μ(ᾶρκος) ∙ Αὐρ(ήλιος) ∙ Ιο[---] / [---]ν̣ διά τε κυνηγεσίων καὶ μονομαχιῶν τ̣[ῇ πρὸ —ʹ] καλ(ανδῶν) ∙ Μα[--- Ἀλβίνῳ καὶ Μαξί]/μῳ ὑπάτοις. // 
a,frg. 6.1
[----]Ο[---]
[---]ΕΙΜ[---] //
 Πάρδος [---?]Τεῦκρος, Λυαῖος. // 
ad sinistram a capite retiarii colore caeruleo: [---]ΣΟΥΣΠΑΤ[---]
super capite retiarii colore rubro: [---]ΟΥ,Varna,43.2140504,27.9147333
gladiator*,wall,unknown,/ ((:gladiator, murmillo cum galea et scuto)) ((:gladiator, murmillo type with helmet and shield)),Italy,41.87194,12.56738
gladiator*,ara,sepulcralis, carmen,Constantius munerarius / gladiatoribus suis / propter favorem / muneris munus se/pulcrum dedit , De/corato r{ha}etiario, / qui peremit Caeruleum, / et peremptus decidit. / Ambos extinxit rudis / utrosque protegit / rogus. Decoratus, / secutor pugnarum VIIII, / Valeriae uxori do/ lore(m) primum / reliquit.,Trieste,45.6495264,13.7768182
gladiator*,tabula,sepulcralis,D(is) M(anibus). / Tauro, secuto/ri, Caesaris ; / ⸢vixit⸣ annis XXIIII. / Calliste ⸢coniux⸣ / b(ene) m(erenti) f(ecit).,Pozzuoli (Napoli)?,40.8459469,14.0932861
gladiator*,unbestimmt,unbestimmt,Poly(- - -) D(ecimi) Lucreti Satri Valentis flaminis ⟦Neronis⟧ Caesaris Aug(usti) f(ilii) perpetui glad(iatorum) par(ia) XX et D(ecimi) Lucreti Valentis fili(i) / glad(iatorum) par(ia) X pugna Pompeis ex a(nte) d(ie) Nonis (sic) Apr(iles) venatio et vela erunt,Pompei,40.7461572,14.4989344
gladiator*,unbestimmt,unbestimmt,Ple[---]esia[---] / M(arcus(?)) S[---] Marc[---] / gladiatorum par(ia) / in colonia Alba Fuc(enti) / adiecta venatione / legitima edideru[nt],Massa d'Albe,42.1311421,13.4280586
gladiator*,tafel,ehreninschrift?,[L(ucio) C]assio L(uci) f(ilio) Pal(atina) Cerea[li praef(ecto)] / fabrum aug(uri) q(uaestori) curatori o[perum] / publicor(um) et locorum prim[o facto] / IIvir(o) q(uinquiens) quinq(uennali) curatori aq[uae Aug(ustae)] / ⟦huic⟧ universa pleps cum ⟦gladiat(orium) munus⟧ / ⟦[Neroni⟧] Caesari Aug(usto) in amphithea[tro edidit] / Cassia Cale Cer[e]ali f(ilio) piissimo,Pozzuoli,40.8459469,14.0932861
gladiator*,altar,weihinschrift,Messor / gladiator / vot(o) s(oluto) l(ibens) po(suit) / Fortuna(e),Mainz,49.9928617,8.2472526
gladiator*,tafel,bau-/stifterinschrift,[[---] Imp(eratoris) Caes(aris) L(uci) Septimi S]eve[ri Pii Pertinacis Aug(usti) Arabici A]diaben[ici Par]thici maximi [pontificis max]imi [tribunici]ae potes[tati]s X[---] imp[eratoris [---] co(n)s(ulis) [---] p(atris)] p(atriae) et I[mp(eratoris)] / [Caes(aris) M(arci) Aureli Antonini [---] et I]uliae [Augu]stae [matris Augusti et cas]tror[um totiusque] divinae domus / [---] Rusonianus fl[am(en)] augur IIvir q(uin)q(uennalis) cellam f[rigi]darii et [---]ry (sic) / [---] rui[na con]labsas [e]x pollicitatione m[un]eris gladiato[ri(i) o]b honorem / [quinquennalita]tis P[---] permissu sacratiss[imi pr]incipis divi M(arci) Antonin[i f(ili)] a fundamentis / [---] marmoribus et co[l]umnis exornavit stat[u]am Aesculapii novam / [---res]tituit ceter[as] refe[c]it ex [multi]s aliis [m]une[ribu]s rei p(ublicae) suae conlatis et / [---]uli nomine VI[---]ITI[---] ---]bus [---],Al Khums,32.6359024,14.2570364
gladiator*,unbestimmt,unbestimmt,[---]Q((?))[[.]]V((?))[---] / [---I]ul(iis) gladiato[res editi] / [---]us L(ucius) Arruntius Es[--- IIvir(i)(?)] / [ex [---] ad [---]]t / [---]us L(ucius) Volu[sius] / [---]o L(ucius) Aponius / [--- ---] / [Imp(erator) Caesar XIII] M(arcus) Plauti[us Silvanus] / [L(ucius) Caniniu]s Ga[llus] / [suf(fectus) C(aius) Fufius] Gem[inus] / [--- ---] / [C(aius) Iulius Caesar dictator ex] / His[pania triumphavit] / et popul[o in hortis trans Ti]/berim [duo? prandia? dedit(?)] / C(aius) Avid[ius] / [---],Cupra Marittima,43.0265271,13.8581917
gladiator*,unbestimmt,unbestimmt,Iuliae Aug(ustae) matri Aug(usti) / et castrorum et senatui / et patriae domina[e] / suae / [-(?)] Romanius Montan[us] / proc(urator) Aug(usti) famil(iarum) glad(iatoriarum),Bergama,39.121449,27.179913
gladiator*,tafel,unbestimmt,C(aio) Flavio Q(uinti) fil(io) Pap(iria) Pudenti flam(ini) Liberi Patris IIviro flam(ini) perpetuo cuius pater Fl(avius) Tullus post / multas liberalitates per quas patriam suam exornavit aquam privata pecunia induxit item lacus n(umero) XII exstru/xit eosdemque crustis et statuis marmoreis excoluit praeterea HS CC mil(ia) num(mum) ad tutelam eiusdem / aquae rei publ(icae) promisit et intulit quod ipse quoque Pudens super numerosam munificentiam quam in / cives suos contulit etiam muneris gladiatori spectaculum primus in patria sua per dies quinq(ue) / splendidissimum ediderit ordo Sabrathensium populo postulante quadrigam ei de publico ponend(am) censuit / Fl(avius) Pudens honore contentus sua pecunia posuit,Şabrātah,32.7811016,12.4495221
gladiator*,tafel,bau-/stifterinschrift,[C]oncordiae Aug(ustae) s[acrum] / [---] Quir(ina) Pinarianus Arator C[---] / equo [publico in qu]inque decurias ab Imp(eratore) Hadria[no] adlec[tus] / flam(en) per[p(etuus) ob honor(em) fl(amonii) et IIvir(atus) q(uin)q(uennalis)? inlatis r(ei) p(ublicae) H]S XXX mil(ibus) legitimis aedem marmoribus et aur[eis la]/cunari[bus omniq(ue) cultu ornatam sumptu s]uo fecit ob cuius dedicationem munus gladiatorum et Africanarum biduo d[edit d(ecreto) d(ecurionum)],Haïdra,35.5675146,8.4430997
gladiator*,stele,ehreninschrift,L(ucio) Fl(avio) T(iti) f(ilio) Aem(ilia) Tellut[io] / Gaetulico eq(uo) p(ublico) hon(orato) / ab Imp(eratore) Caes(are) Traiano Au[g(usto)] / praef(ecto) coh(ortis) II equitat(ae) Hisp(anorum) Germ[an(ia)] / sup(eriore) IIviro q(uin)q(ennali) pontif(ici) patr(ono) col(oniae) qui in / comparat(ione) soli oper(i) byblio[th(ecae) H]S CLXX f(aciundo) / rem p(ublicam) impend(io) levavit et ob [ded(icationem) e]ius / [ludos d(e)] s(ua) p(ecunia) gladiatorib(us) p(aribus) XII edi[dit---]MC / [------],Durrës,41.3245904,19.4564686
gladiator*,statuenbasis,ehreninschrift,C(aio) Vibio Celeri / praef(ecto) coh(ortis) I Mont(anorum) / ped(itatae) trib(uno) coh(ortis) I Hisp(anorum) / |(milliariae) praef(ecto) alae I Ulp(iae) / sing(ularium) proc(uratori) ad famil(ias) / glad(iatorias) per Gall(ias) et Hisp(anias) / et Brittan(niam) proc(uratori) prov(inciae) / Arabiae / L(ucius) Proculeius Secundus / corn(icularius) eius,Jerash,32.2769016,35.9055502
gladiator*,unbestimmt,unbestimmt,Pro salute et reditu et / victoria / Imp(eratoris) Caesaris M(arci) Aureli Antonin[i] / Aug(usti) Armeniaci Medici Parthici / maxi[m]i liberorumque eiu[s] / [A]nnius L(uci) f(ilius) Lemonia Tertius / IIvirum aedilis q(uaestor) p(ecuniae) p(ublicae) cura[t(or)] / muneris publici gladiatori[i] / ob honorem aedilitatis promi[s(it)] / [e]x s(ua) p(ecunia) HS XXV m(ilia) n(ummum) ex quibus iussu / [[.]] Valer[i] Seponiani q(uaestoris) / S(iciliae) c(larissimi) m(emoriae) v(iri) in / straturam plataeae (sic) Cererum / sacrae HS XIII m(ilia) n(ummum) numeravit / et [---r]eliquos HS XII m(ilia) n(ummum) d(edit) d(onis),Marsala,37.79804499999999,12.4370156
gladiator*,unbestimmt,unbestimmt,M(arco) Egnio M(arci) f(ilio) / Mae(cia) Fortunatiano / IIvir(o) iter(um) q(uin)q(uennali) huic splen/didissimus ordo decuri/onum postulante populo ob / praecipuam et insignem mu/nificentiam erga patriam / statuam ponendam decre/vit quod cum XXV (milibus) HS ac/ceptis at (sic) conparationem / familiae gladiatoriae ma/iorem quantitatem au/xerit at (sic) nobilium gladi/atorum conductionem / adiectis etiam ursis mi/rae magnitudinis set (sic) et / noxeo (sic) omni quoque / cultu atparatuque (sic) aucto / diem sublimiter exornavit,Pesto,47.44800009999999,19.4618128
gladiator*,unbestimmt,unbestimmt,Q(uinto) Caelio Maximo aedili auguri / IIvir(o) quod in mag{g}(istrato) suo ludorum et / circensium spectacula exhibuerit / munus etiam gladiatorium de suo / ediderit et hoc amplius in praesentis / tempore HS MMMMMMMMMMM(undecim milia) rei publicae donaverit / ex cuius summae usuris quin{s}sto (sic) qu[o]/[que an]no semper uni[versis---] / [---],Sousse,35.825603,10.608395
gladiator*,tabla,ley / jurídica,[- - - - - - ] Tantam illam pestem nulla medicina sanari posse, nec poterat. Verum nostri principes, quibus omne studium est quantoli/bet morbo salutem publicam mersam et enectam refovere et integrae valetudini reddere, in primis anima adverterunt quae, / causa illi morbo vires daret, unde foeda et inlicita vectigalia ìus haberent: quis auctor et patronus esset usurpandis quasì / legitimis, quae omnibus legibus et divinis et humanis prohibentur. <5> Fiscus dicebatur. Fiscus non sibi sed qui lanienae aliorum praetexeretur tertia vel quarta parte ad licentiam foedae rapinae ìnvì/tatus. Itaque fiscum removerunt `a´ tota harena. Quid enim Marci Antonini [[et Luci Commodi]] cavendum fisco cum hare/na? Omnis pecunia horum principum ⎡p⎤ura est, nulla cruoris humani adspergine contaminata, nullis sordibus foedi quaes/{s}tus inquinata, et quae tam sanctae paratur quam insumitur. Itaque facessat sive illut ducentiens (scil. sestertium) annum seu trecenties (scil. sestertium) / est. Satis amplum patr⎡imo⎤nium ìmperio paarati<s> ex parsimonia vestra. Quin etìam, ex reliquis lanistarum quae ((sestertium)) quingenties su/<10>pra sunt, pars lanistìs condonetur. Ob quae, oro vos, merita? Nulla sane, inquiunt, merita set prohibiti talibus grassaturìs sola/cium ferant et in posterum tanto pretio ìnvitentur ad opsequium humanitatis. O magni ìmpp (i.e. imperatores duo), qui scitis altius fundari remedia quae etiam malis consulunt qui se etiam necessarìos fecerint! Etiam fructus tan/tae vestrae providentiae emerget. Legebatur etiam nunc aput nos oratio, sed ubi rumore delatu<m> est questus lanistarum recisos, fis/cum omnem illam pecuniam quasi contaminatam reliquisse, statim sacerdotes fidelissìmarum Galliarum vestrarum /<15> concursare, gaudere, inter se loqui. Erat aliquis qui deploraverat fortunas suas creatus sacerdos, qui auxilium sibi ìn provocatione ad principes facta constituerat. Sed / ibidem ipse primus et de consilio amicorum: Quid mihi ìam cum appellatione? Omne onus quod patrimonium meum opprimebat sanc/tissimi ìmpp (i.e. imperatores duo) remiserunt. Iam sacerdo`s´ esse et cupio et opto et editionem munerìs, quam olim detestabamur, amplector. / Itaque gratiae appellationis non solum ab illo, verum et a ceterìs petitae, et quanto plures petentur! Iam hoc genus causarum diversam formam /<20> habebit ut appelle<n>t qui non sunt creati sacerdotes, i⎡mm⎤o populus. Quae igitur tantis tam salutarium rerum consilis vestris alia prima esse sen<<ten>>tentia potest quam ut quod singuli sentiunt, quod universì / de pectore ìntimo clamant{e} ego censeam? Censeo igitur inprimìs agendas maximìs impp (i.e. imperatoribus duobus) gratias, qui salutaribus remedis, fiscì ratione post habita, labentem civitatium statum et prae/cipitantes ìam in ruinas principalium virorum fortuna<s> restituerunt, tanto quidem magnificentius, quod, cum exèusatum esset retì/<25>nerent quae ali instituissent et quae longa consuetudo confirmasset, tamen olli per aeque nequaquam sectae suae congruere arbitra/ti sunt male instituta servare et quae turpiter servanda essent instituere{t}. Quamquam autem non nulli arbìtrentur de omnibus quae ad nos maximi prìncipes rettulerunt una et succincta sententia censendum, / tamen, si vos probatis, singula specialiter persequar, verbis ipsis ex oratione sanctissima ad lucem sententiae translatis, ne qua ex parte pravis ìn/terpretationibus sit loc⎡u⎤s. Itaque censeo uti munera quae assiforana appellantur ìn sua forma maneant nec egrediantur sump/ <30>tu ((sestertium)) ((triginta milia)). Qui autem supra ((sestertium)) ((triginta milia)) ad ((sexaginta milia)) usque munus edent, ìs gladiatores tripertîto praebeantur numero pari. Summum pre/tium sit: primae parti (i.e. sestertium) quinque milia, secundae (i.e. sestertium) quattuor milia, tertiae (i.e. sestertium) tria milia. A ((sestertiis)) ((sexaginta milibus)) ad ((centum milia)) usque trifarìam coetus gladiator(um) divisus / sìt: primi ordinis gladiatoris summum pretìum sit (i.e. sestertium) ((octo milia)), mediae classis (i.e. sestertium) ((sex milia)), deinde (i.e. sestertium) quinque (milia). Porro a centum milibus ad (i.e. sestertium) ((centum et quinquaginta milia)) quinque sint mani/puli, cuius primì pretium sit (i.e. sestertium) ((duodecim milia)), secundi (i.e. sestertium) ((decem milia)), terti (i.e. sestertium) ((octo milia)), quarti (i.e. sestertium) ((sex milia)), postremo (i.e. sestertia) quinque (milia). Iam hinc porro a (i.e. sestertiis) ((centum et quinquaginta milibus)) ad (i.e. sestertium) ((duo centum milia) et quidquid supra sursum versum / erit, ìnfimi gladiatoris pretium sit (i.e. sestertium) ((sex milia)), super eum (i.e. sestertium) ((septem milia)), terti retro (i.e. sestertium) ((novem milia)), quarti (i.e. sestertium) ((duodecim milia)) adusque (i.e. sestertium) ((quinquedecim milia)) et haec sit summo ac formonso gladiatorì defi/<35>nita quantitas. Utique in omnibus muneribus, quae generatim distincta sunt, lanista dimidiam copiam universì numeri promisqu<a>e multitu/dinis praebeat exque his, qui gregari appellantur, qui melior inter tales erit duobus milibus (i.e. sestertiis) sub signo pugnet, nec quisquam ex eo numero / mille nummum minore. Lanistas etiam promonendos vili studio: questus nec eam sibi copiam dimidiae partis praebendae esse ex nu/mero gregariorum, uti sciant ìnpositam sibi necessitatem de ceteris quos meliores opinabuntur transferre tantisper plendi nu/meri gregariorum gratia. Itaque is numerus universae familiae aequis partibus in singulos dies dispartiatur atque ullo die minus quam / <40> / dimidia pars gregariorum sit ibi qui eo die dimicabunù. Utque ea opservat<i>o a lanistis quam diligentissime exigatur ìniungendum / his qui provinciae praesidebunt et legatis vel quaestoribus vel legatis legionum vel iìs qui ìus dicunt c(larissimis) v(iris) aut procuratores maximorum / prìncipum quibus provinciae rector mandaverit; is etiam procurator(!) qui provinciìs praesidebunt. Trans Padum autem perque omnes Italiae / regiones arbitrium ìniungendum praefectis alimentorum dandis, si aderunt, vel viae curatori, aut, si nec is praesens erit, ìuridico vel / tum classis praetoriae praefecto. <45> Item censeo de exceptis ìta opservandum, ut praecipuum mercedis gladiator sibi quisque paciscatur eius pecuniae quae ob hanc causam excipi/ebatur quartam portionem liber, ser<v>us autem quintam accipiat. De pretis autem gladiatorum opservari paulo ante censui secundum praescrip/tum divinae orationìs sed ut ea pretia ad eas civitates pertinea<n>t ìn quibus ampliora gladiatorum pretia flagrabant. Quod si quibus civitatibus / res publica tenuior est non eadem serventur quae apúù fortiores civitates scripta sunt, nec supra modum v⎡i⎤rium onerent sed hactenus ìn eundem / ut qu<a>e in publicis privatisque rationibus repperientur pretia summa ac media ac postrema siquidem provinciarum eae civitates sunt ab eo /<50> qui praesidebit provinciae opserventur, ceterarum autem ìuridico vel curatore {pro}v{inc}iae vel classis praetoriae praefecto vel procuratorì / maxumorum principum vel cuiusque civitatis potestas qu<a>e ibi prima erit. atque ita ratiônibus decem retroversum annorum ìnspectis exemplis / munerum in quaque civitate edito¢rumÜ consideratis constit[uan]tur ab eo cuius arbitratus erit de tribus pretis vel, si melius ei videbitur / ex eo modo quem peraequ[e] fi[er]i legit et trifarìam pretia diducantur, eaque forma etiam in posterum servetur. sciantque v(iri) c(larissimi) qui procon/sules paulo ante profecti øunù iótra suum quisque annum it negotium exequi se oporte÷e, <e>t iì etiam qui non sortito provincias <55> regúnt întra annum. Ad Gallias sedet princeps(!) qui in civitatibus splendidissimarum Galliarum vetere more et sacro ritu expectantur, ne ampliore pretìo / lanistae praebeant quam binis milibus (scil. sestertiis). Cum maximi pr[in]cipes oratione sua praedixerint fore ut damnatum ad gfadìum / procurator eorum non plure quam sex aureis lanisti [praebea]t. Sacerdotes quoque provinciarum, quibus nullum [cum lanist]is negot[i]u[m] e[r]ît, gladiatores a prioribus sacerdotibus sus/<60>ceptos, vel si placet auctoratos, recipiunt, at post edition(e) pl[u]re ex p[re]tio ìn succendentes tran[sf]erunt. Ne quis singulatim aliquem / rei gladiatoriae causa vendat plure quam lanistis est pretium pers[olu]tum. Is autem qui aput tribunum plebei c(larissimum) v(irum) sponte ad dimicandum profitebitur, cum habeat ex lege pretium duo milia (i.e. sestertia) si lîberatus discrì/men instauraverit, aestimatio eius post hac ((sestertia)) ((duodecim milia)) non excedat. Is quoque qui sen[i]or atque inabilior operam suam denuo [- - - - - -,Santiponce,37.4352111,-6.0427732
gladiator*,tabla,ley / jurídica,cui quis ita ma]/num inicere iussus erit iudicati iure man/us iniectio esto itque ei s(ine) f(raude) s(ua) facere liceto vin/dex arbitratu IIviri qui{q}ve i(ure) d(icundo) p(raeerit) locuples / esto ni vindicem dabit iudicatum{q}ve faci/et secum ducito iure civili vinctum habeto / si quis in eo vim faciet ast eius vincitur du/pli damnas esto colonisq(ue) eius colon(iae) HS / XX(milia) d(are) d(amnas) esto eiusque pecuniae cui vo/let petitio IIvir(o) qui{q}ve i(ure) d(icundo) p(raeerit) exactio iudicati/oque esto LXII // IIviri quicumque erunt iis IIviri(s) in eos singulos / lictores binos accensos sing(ulos) scribas bi/nos viatores binos librarium praeconem haruspicem tibicinem habere ius potestas/que esto quique in ea colonia aedil(es) erunt / iis aedil(ibus) in eos aedil(es) sing(ulos) scribas sing(ulos) publi/cos cum cincto limo IIII praeconem haruspi/cem tibicinem habere ius potestasq(ue) esto ex eo / numero qui eius coloniae coloni erunt habe/to iisque IIvir(is) aedilibusque dum eum mag(istratrum) ha/bebunt togas praetextas funalia cereos ha/bere ius potestasq(ue) esto quos quisque eo/rum ita scribas lictores accensos viatorem / tibicinem haruspicem praeconem habebit iis / omnibus eo anno quo anno quisque eorum / apparebit militiae vacatio esto neve quis e/um eo anno quo mag(istratibus) apparebit invitum / militem facito neve fieri iubeto neve eum / cogito neve ius iurandum adigito neve a/digi iubeto neve sacramento rogato / neve rogari iubeto nisi tumultus Italici Gallici/ve causa eisque merces in eos singul(os) qui IIvi/ris apparebunt tanta esto in scribas sing(ulos) / HS MCC in accensos sing(ulos) HS DCC in lictores / sing(ulos) HS DC in viatores sing(ulos) HS CCCC in libra /rios sing(ulos) HS CCC in haruspices sing(ulos) HS D prae/coni HS CCC qui aedilib(us) appareb(unt) in scribas / sing(ulos) HS DCCC in haruspices sing(ulos) HS C in ti//bicines singul(os) HS CCC in praecones sing(ulos) HS CCC / iis s(ine) f(raude) s(ua) kapere liceto / LXIII // IIviri qui primi ad pr(idiem) K(alendas) Ianuar(ias) mag(istratum) habebunt appari/tores totidem habento sing(ulis) apparitores ex h(ac) l(ege) ha/bere licet{o} iisque apparitorib(us) merces tanta esto / quantam esse oporteret si partem IIII anni appar/uissent ut pro portione quam diu app<a=I>ruissent mer/cedem pro eo kaperent itque iis s(ine) f(raude) s(ua) c(apere) l(iceto) / LXIIII // IIviri quicumque post colon(iam) deductam erunt ii in die/bus X proxumis quibus eum mag(istratum) gerere coeperint at / decuriones referunto cum non minus duae partes / aderunt quos et quot dies festos esse et quae sacra / fieri publice placeat et quos ea sacra facere place/at quot ex eis rebus decurionum maior pars qui / tum aderunt decreverint statuerint it ius ratum/que esto eaque sacra eique dies festi in ea colon(ia) / sunto / LXV // Quae pecunia poenae nomine ob vectigalia quae / colon(iae) G(enetivae) Iul(iae) erunt in publicum redacta erit eam / pecuniam ne quis erogare neve cui dare neve attri/buere potestatem habeto nisi at ea sacra quae in / colon(ia) aliove quo loco colonorum nomine fia(n)t / neve quis aliter eam pecuniam s(ine) f(raude) s(ua) kapito neve quis / de ea pecunia ad decuriones referundi ne quis / de ea pecunia sententiam dicendi ius potestat(em)/que habeto eamque pecuniam ad ea sacra quae / in ea colon(ia) aliove quo loco colonorum nomine / fient IIviri s(ine) f(raude) s(ua) dato attribuito itque ei facere / ius potestasq(ue) esto eique cui ea pecunia dabi/tur s(ine) f(raude) s(ua) kapere liceto / LXVI// Quos pontifices quosque augures G(aius!) Caesar quive / iussu eius colon(iam) deduxerit fecerit ex colon(ia) Ge/net(iva) ei pontifices eique augures c(oloniae) G(enetivae) I(uliae) sunto / eiq(ue) / ponti[fi]ces auguresque in pontificum augu/rum conlegio in ea colon(ia) sunto ita uti qui / optima lege optumo iure in quaque colon(ia) / pontif(ices) augures sunt erunt iisque pontificibus / auguribusque qui in quoque eorum collegio / erunt liberisque eorum militiae munerisq//ue public<i=E> vacatio sacro sanctius esto uti pon/tifici Romano est erit (a)e(r)aque militaria ei omni/a merita sunto de auspiciis quaeque ad eas res per/tinebunt augurum iuris dictio iudicatio esto eis/que pontificib(us) auguribusque ludis quot publice ma/gistratus facient et cum ei pontific(es) augures sa/cra publica c(oloniae) G(enetivae) I(uliae) facient togas praetextas haben/di ius potestasq(ue) esto eisque pontificib(us) augurib(us)/q(ue) ludos gladiatoresq(ue) inter decuriones spec/tare ius potestasque esto / LXVII // Quicumque pontif(ices) quique augures c(oloniae) G(enetivae) I(uliae) / post h(anc) l(egem) da/tam in conlegium pontific(um) augurumq(ue) in demor/tui damnative loco h(ac) l(ege) lectus cooptatusve erit / is pontif(ex) augurq(ue) in c(olonia) Iul(ia) in conlegium pontifex / augurq(ue) esto ita uti qui optuma lege in quaque / colon(ia) pontif(ices) auguresq(ue) sunt erunt neve quis quem in conlegium pontificum kapito suble/gito cooptato nisi tunc cum minus tribus pon/tificib(us) ex iis qui c(oloniae) G(enetivae) sunt erunt neve quis quem in conlegium augurum sublegito cooptato ni/si tum cum minus tribus auguribus ex eis qui / colon(iae) G(enetivae) I(uliae) sunt erunt LXVII(I) // IIviri praef(ectus)ve comitia pontific(um) augurumq(ue) quos / h(ac) l(ege) / facere oportebit ita habeto prodicito ita uti / IIvir(um) creare <fac=HAB>ere sufficere h(ac) l(ege) o(portebit) / LXIX // IIviri qui post colon(iam) deductam primi erunt ii in su/o mag(istratu) et quicumq(ue) IIvir(i) in colon(ia) Iul(ia) erunt ii in / diebus LX proxumis quibus eum mag(istratum) gerere coe/perint ad decuriones referunto cum non minus / XX aderunt uti redemptori redemptoribusque / qui ea redempta habebunt quae ad sacra resq(ue) / divinas opus erunt pecunia ex lege locationis / adtribuatur solvaturq(ue) neve quisquam rem ali/am at decuriones referunto neve quot decuri/onum decret(um) faciunto antequam eis redemp/toribus pecunia ex lege locationis attribuatur / solvaturve d(ecurionum) d(ecreto) dum ne minus XXX atsint cum / e(a) r(es) consulatur quot ita decreverint ei IIvir(i) // redemptori redemptoribus attribuendum / solvendumque curato dum ne ex ea pecunia / solvant adtribuant quam pecuniam ex h(ac) l(ege) / (ad) ea sacra quae in colon(ia) aliove quo loco pu/blice fiant dari adtribui oportebit / [L]XX // IIviri quicu[m]que erunt ei praeter eos qui primi / post h(anc) l(egem) [fa]cti erunt ei in suo mag(istratu) munus lu/dosve scaenicos Iovi Iunoni Minervae deis / deabusq(ue) quadriduom m(aiore) p(arte) diei quot eius fie/ri [poter]it arbitratu decurionum faciun/to inque eis ludis eoque munere unusquis/que eorum de sua pecunia ne minus HS |(mille)|(mille) / consumito et ex pecunia publica in sing(ulos) / IIvir(os) d(um)t(axat) HS |(mille)|(mille) sumere consumere liceto i<t=IS>/que eis s(ine) f(raude) s(ua) facere liceto dum ne quis ex ea / pecun(ia) sumat neve adtributionem faciat / quam pecuniam h(ac) l(ege) ad ea sacra quae in co/lon(ia) aliove quo loco public{a}e fient dari / adtribui oportebit LXXI // Aediles quicumq(ue) erunt in suo mag(istratu) munus lu/dos(ve) scaenicos Iovi Iunoni Minervae tri/duom maiore parte diei quot eius fieri pote/rit et unum diem in circo aut in foro Veneri / faciunto inque eis ludis eoque munere unus/quisque eorum de sua pecunia ne minus HS |(mille)|(mille) / consumito de(q)ue publico in sing(ulos) aedil(es) HS |(mille) / sumere liceto eamq(ue) pecuniam IIvir praef(ectusve) / dandam adtribuendam curanto itque iis / s(ine) f(raude) s(ua) c(apere) liceto LXXII // Quotcumque pecuniae stipis nomine in aedis / sacras datum inlatum erit quot eius pecuni/ae eis sacr{i}is superfuerit quae sacra uti h(ac) l(ege) <f=P>(ieri) / oportebit ei deo deaeve cuius ea aedes erit fac/ta fuerint ne quis facito neve curato neve interce/dito quo minus in ea aede consumatur ad / quam aedem ea pecunia stipis nomine da/ta conlata erit neve quis eam pecuniam alio / consumito ne[v]e quis facito quo magis in // alia re consumatur / LXXIII // Ne quis intra fines oppidi colon(iae)ve qua aratro / circumductum erit hominem mortuom / inferto neve ibi humato neve urito neve homi/nis mortui monimentum aedificato si quis / adversus ea fecerit is c(olonis) c(oloniae) G(enetivae) Iul(iae) HS / V(milia) d(are) d(amnas) esto / eiusque pecuniae <q=C>ui volet petitio persecu/tio ex (h)ac lege esto itque quot inaedificatum / erit IIvir aedil(is)ve dimoliendum curanto si / adversus ea mortuus inlatus positusve erit / expianto uti oportebit / LXXIV // Ne quis ustrinam novam ubi homo mortuus / combustus non erit prop{r}ius oppidum pas/sus D facito qui adversus ea fecerit HS V(milia) c(olonis) / c(oloniae) G(enetivae) Iul(iae) d(are) d(amnas) esto eiusque pecuniae <q=C>ui / volet peti/tio persecutioq(ne) ex h(ac) l(ege) esto / LXXV // Ne quis in oppido colon(ia) Iul(ia) aedificium detegito / neve demolito neve disturbato nisi si praedes / IIvir(um) arbitratu dederit se re<d=R>aedificaturum aut / nisi decuriones decreverint dum ne minus L ad/sint cum e(a) r(es) consulatur si quis adversus ea fece(rit) / q(uanti) e(a) r(es) e(rit) t(antam) p(ecuniam) c(olonis) c(oloniae) G(enetivae) / Iul(iae) d(are) d(amnas) e(sto) eiusq(ue) pecuniae qui volet pe/titio persecutioq(ue) ex h(ac) l(ege) esto / LXXVI // Figlinas teglarias maiores tegularum CCC tegu/lariumq(ue) in oppido colon(ia) Iul(ia) ne quis habeto qui / habuerit it{a} aedificium isque locus publicus / colon(iae) Iul(iae) esto eiusq(ue) aedificii quicumque in c(olonia) / G(enetiva) Iul(ia) i(ure) d(icundo) p(raeerit) s(ine) d(olo) m(alo) eam pecuniam / in publicum redigito / LXX//VII // Si qu<a=I>s vias fossas cloacas IIvir aedil(is)ve publice / facere inmittere commutare aedificare mu/nire intra eos fines qui colon(iae) Iul(iae) erunt volet / quot eius sine iniuria privatorum fiet it is face/re liceto / LXXIIX// Quae viae publicae itinerave publica sunt fuerunt / intra eos fines qui colon(iae) dati erunt quicumq(ue) / limites quaeque viae quaeque itinera per eos a/gros sunt erunt fueruntve eae viae eique limites / eaque itinera publica sunto / LXXIX // Qui fluvi rivi fontes lacus aquae stagna paludes / sunt in agro qui colon(is) h[u]iusc(e) colon(iae) divisus // erit ad eos rivos fontes lacus aquasque sta/gna paludes itus actus aquae haustus iis item / esto qui eum agrum habebunt possidebunt uti / iis fuit qui eum agrum habuerunt possederunt / itemque iis qui eum agrum habent possident ha/bebunt possidebunt itineris aquarium lex ius/que esto / LXXX // Quot cuique negotii publice in colon(ia) de decur(ionum) sen/tentia datum erit is cui negotium datum erit e/ius rei rationem decurionib(us) reddito referto/que in dieb(us) CL proxumis it negotium confecerit / quibusve it negotium gerere desierit quot eius / fieri poterit s(ine) d(olo) m(alo) / LXXXI // Quicumque IIvir(i) aed(iles)ve colon(iae) Iul(iae) erunt ii scribis / suis qui pecuniam publicam colonorumque / rationes scripturus erit antequam tabulas / publicas scrib<a=E>t tractetve in contione palam / luci nundinis in forum ius iurandum adigi/to per Iovem deosque Penates sese pecuniam pu/blicam eius colon(iae) concustoditurum rationes/que veras habiturum esse u(ti) q(uod) r(ecte) f(actum) e(sse) v(olet) / s(ine) d(olo) m(alo) ne/que se fraudem per litteras facturum esse sc(ientem) / d(olo) m(alo) uti quisque scriba ita iuraverit in tabulas / publicas referatur facito qui ita non iurave/rit is tabulas publicas ne scribito neve aes / apparitorium mercedemque ob e(am) r(em) kapito / qui ius iurandum non adegerit ei HS V(milia) mul/tae esto eiusq(ue) pecuniae <q=C>ui volet petitio per/secutioq(ue) ex h(ac) l(ege) esto / LXXXII // Qui agri quaeque silvae quaeq(ue) aedificia c(olonis) c(oloniae) / G(enetivae) I(uliae) / quibus publice utantur data adtributa e/runt ne quis eos agros neve eas silvas ven/dito neve locato longius quam in quinquen/nium neve ad decuriones referto neve decu/rionum consultum facito quo ei agri eaeve / silvae veneant aliterve locentur neve si ve/nierint it circo minus c(oloniae) G(enetivae) Iul(iae) sunto quique iis / rebus fructus erit quot se emisse dicat is in / iuga sing(ula) inque annos sing(ulos) HS C c(olonis) c(oloniae) G(enetivae) Iul(iae) d(are) d(amnas) / [esto eiusque pecuniae qui volet petitio persecutiove ex h(ac) l(ege) esto // si quis ex h(ac) l(ege) decurio augur pontifex c(oloniae) G(enetivae) Iul(iae) factus creatusve] / erit tum quicumque decurio augur pontifex huiusque / col(oniae) domicilium in ea col(onia) oppido propiusve it oppidum p(assus) / |(mille) / non habebit annis V proxumis unde pignus eius quot satis / sit capi possit is in ea col(onia) augur pontif(ex) decurio ne es/to qui(q)ue IIviri in ea col(onia) erunt eius nomen de decurio/nibus sacerdotibusque de tabulis publicis eximendum / curanto u(ti) q(uod) r(ecte) f(actum) e(sse) v(olent) idq(ue) eos IIvir(os) / s(ine) f(raude) s(ua) f(acere) l(iceto) / XCII // IIviri quicumque in ea colon(ia) mag(istratum) habebunt ei de legatio/nibus publice mittendis ad decuriones referunto cum / m(aior) p(ars) decurion(um) eius colon(iae) aderit quotque de his rebus / maior pars eorum qui tum aderunt constituerit / it ius ratumque esto quamque legationem ex h(ac) l(ege) exve / d(ecurionum) d(ecreto) quot ex hac lege factum erit obire oportuerit / neque obierit qui lectus erit is pro se vicarium ex eo / ordine uti hac lege deve d(ari) o(portebit) dato ni / ita dederit in / res sing(ulas) quotiens ita non fecerit HS X(milia) colon(is) hu/iusque col(oniae) d(are) d(amnas) e(sto) eiusque pecuniae <q=C>ui volet petitio / persecutioque esto XCIII // Quicumque IIvir post colon(iam) deductam factus creatusve / erit quive praef(ectus) {qui} ab IIvir(o) e lege huius coloniae relic/tus erit is de loco publico neve pro loco publico neve / ab redemptore mancipe praed(e)ve donum munus mercedem / aliutve quid kapito neve accipito neve facito quo / quid ex ea re at se suorumve quem perveniat qui at/versus ea fecerit is HS XX (milia) c(olonis) c(oloniae) G(enetivae) / Iul(iae) d(are) d(amnas) e(sto) eius/que pecuniae <q=C>ui volet petitio persecutioque esto / XCIIII // Ne quis in hac colon(ia) ius dicito neve cuius in ea colon(ia) / iuris dictio esto nisi IIvir(i) aut quem IIvir{i} praef(ectum) / reliquerit aut aedil(is) uti h(ac) l(ege) o(portebit) neve quis pro <qu=E>o / imper(io) potestat(e)ve facito quo quis in ea colonia / ius dicat nisi quem ex h(ac) l(ege) dicere oportebit / XCV // Qui reciperatores dati erunt si eo die quo iussi erunt / non iudicabunt IIvir praef(ectus)ve ubi e(a) r(es) a(getur) eos rec(iperatores) / eumque cuius res a(getur) adesse iubeto diemque cer//tum dicito quo die atsint usque ateo dum e(a) r(es) / iudicata erit facitoque uti e(a) r(es) in diebus XX / proxumis quibus d(e) e(a) r(e) rec(iperatores) dati iussive e/runt iudicare iudic(etur) u(ti) q(uod) r(ecte) f(actum) e(sse) v(olet) testibusque / in eam rem publice dumtaxat h(ominibus) XX qui colon(i) / incolaeve erunt quibus {h}is qui rem quaere/<t=RE> volet denuntietur facito quibusq(ue) ita tes/timonium (d)enuntiatum erit quique in tes/timonio dicendo nominati erunt curato / uti at it iudicium atsint testimoniumq(ne) / si quis quit earum rer(um) quae res tum age/tur sciet aut audierit iuratus dicat faci/to uti q(uod) r(ecte) f(actum) e(sse) v(olet) dum ne omnino amplius / h(omines) XX in iudicia singula testimonium dice/re cogantur neve quem invitum testimo/nium dicere cogito <q=C>ui ei quae r(es) tum age/tur gener socer vitricus privignus patron(us) / lib(ertus) consobrinus propiusve cum ea cogna/tione atfinitate{m}ve contingat si IIvir / praef(ectus)ve qui ea(m) re(m) colon(is) petet non ade/rit ob eam rem quot ei morbus sonticus / vadimonium iudicium sacrificium funus / familiare feriaeve de<n=D>icales erunt quo / mimus adesse possit sive is propter magistra/tu<m=S> potestatemve p(opuli) R(omani) minus atesse poterit / quo magis eo absente de eo cui {i}is negotium / facesset recip(eratores) sortiantur reiciantur res iu/dicetur ex h(ac) l(ege) n(ihil) r(ogatur) si privatus petet et is cum / de ea re iudicium fieri oportebit non aderit / neque arbitratu IIvir(i) praef(ecti)ve ubi e(a) r(es) a(getur) excu/sabitur e<i=T> harum quam causam esse quo minus / atesse possit morbum sonticum vadimonium / iudicium sacrificium funus familiare feria<s=E> / de<n=D>icales eumve propter mag(istratum) potestatemve / p(opuli) R(omani) atesse non posse{t} post ei earum quarum r(erum) / h(ac) l(ege) quaestio erit actio ne esto deq(ue) e(a) r(e) siremps // lex resque esto qu<a=O>s(i) si neque iudices re(i)ecti neq(ue) recip(eratores) / in eam rem dati essent / XCVI // Si quis decurio eius colon(iae) ab IIvir(o) praef(ecto)ve postulabit / uti ad decuriones referatur de pecunia publica de/que multis poenisque deque locis agris aedificis / publicis suo <p=F>acto qu(a)eri iudicarive oporteat tum / IIvir{i} qui{q}ve iuri dicundo prae(e)ri(t) d(e) e(a) r(e) prima / quoque die decuriones consulito decurionum/que consultum facito fiat cum non minus m(aior) p(ars) / decuriorum atsit //cum// ea re(s) consuletur uti m(aior) p(ars) / decurionum qui tum ader<u=I>nt censuer(int) ita ius / ratumque esto / XCVII // Ne quis IIvir neve quis pro potestate in ea colon(ia) / facito neve ad decur(iones) referto neve d(ecurionum) d(ecretum) facito / fiat quo quis colon(is) colon(iae) patron(us) sit atoptetur/ve praeter cum qu<i=E> c(urator) a(gris) d(andis) a(tsignandis) i(udicandis) ex lege Iulia est eum/que qui eam colon(iam) deduxerit liberos posteros(q)ue / eorum nisi de m(aioris) p(artis) decurion(um) erunt per tabellam / sententia{m} cum non minus L aderunt cum e(a) r(es) / consuletur qui atversus ea fecerit HS V(milia) colon(is) / eius colon(iae) d(are) d(amnas) esto eiusque pecuniae colon(orum) eius / colon(iae) <q=C>ui volet petitio esto / XCVIII // Quamcumque munitionem decuriones huius/ce coloniae decreverint si m(aior) p(ars) [3] decurionum / atfuerit cum e(a) r(es) consuletur eam munitionem / fieri liceto dum ne amplius in annos sing(ulos) in/que homines singulos puberes operas quinas et / in iumenta plaustraria iuga sing(ula) operas ter/nas decernant eique munitioni aed(iles) qui tum erunt ex d(ecurionum) d(ecreto) praesunto uti decurion(es) censu/erint ita muniendum curanto dum ne in/vito eius opera exigatur qui minor annor(um) XIIII / aut maior annor(um) LX natus erit qui in ea colon(ia) / intrave eius colon(iae) fines domicilium praedi/umve habebit neque eius colon(iae) colon(us) erit is ei/dem munitioni uti colon(us) pare{n}to / XCVIIII // Quae aquae publicae in oppido colon(ia) Gen(etiva) // adducentur IIvir(i) qui tum erunt ad decuriones / cum duae partes aderunt referto per quos agros / aquam ducere liceat qua p(a)rs maior decurion(um) / qui tum aderunt duci decreverint dum ne / per it aedificium quot non eius rei causa factum / sit aqua ducatur per eos agros aquam ducere / i(us) p(otestas)que esto neve quis facito quo minus ita / aqua ducatur / C // Si quis colon(us) aquam in privatum caducam du/cere volet isque at IIvir(um) adierit postulabit/(q)ue uti ad decurion(es) referat tum is IIvir a quo / ita postulatum erit ad decuriones cum non mi/nus XXXX aderunt referto si decuriones(!) m(aior) p(ars) qui / tum atfuerint aquam caducam in privatum duci / censuerint ita //ea // aqua utatur quo<t=E> sine priva/ti{m} iniuria fiat i(us) potest(as)que e(sto) / CI // Quicumque comitia magistrat(ib)us creandis subrogan/dis habebit is ni qu<em=A> eis comitis pro tribu acci/pito neve renuntiato neve renuntiari iubeto / qui e<a=O>rum qua{e} causa erit qua{e} cum h(ac) l(ege) in colon(ia) / decurionem nominari creari inve decurionibus / esse non oporteat non liceat / CII // IIvir qui h(ac) l(ege) quaeret iud(icium) exercebit quod iudicium / uti uno die fiat h(ac) l(ege) praestitu(tu)m non est ne quis / eorum ante h(oram) I neve post horam XI diei quaerito / neve iudicium exerceto isque IIvir in singul(os) / accusatores qui eorum delator erit ei h(oras) IIII qui / subscriptor erit h(oras) II accusandi potest(atem) facito si / quis accusator de suo tempore alteri concesserit / quot eius cuique concessum erit eo amplius cui / concessum erit dicendi potest(atem) facito qui de suo / tempore alteri concesserit quot eius cuique conces/serit eo minus ei dicendi potest(atem) facito quot horas / omnino omnib(us) accusatorib(us) in sing(ulas) actiones di/cendi potest(atem) fieri oporteb(it) totidem horas et alte/rum tantum reo quive pro eo dicet in sing(ulas) actiones // dicendi potest(atem) facito / CIII // Quicumque in col(onia) Genet(iva) IIvir praef(ectus)ve i(ure) d(icundo) / praeerit is(!) colon(os) / incolasque contributos quocumque tempore colon(iae) fin(ium) / d<efen=DIVI>dendorum causa armatos educere decurion(es) cen(suerint) / quot m(aior) p(ars) qui tum aderunt decreverint id e(i) s(ine) f(raude) / s(ua) f(acere) l(iceto) is/que IIvir aut quem IIvir armatis praefecerit idem / ius eademque anima{a}dversio esto uti tr(ibuno) mil(itum) p(opuli) / R(omani) in / exercitu p(opuli) R(omani) est itque e(i) s(ine) f(raude) s(ua) f(acere) / l(iceto) i(us) p(otestas)que e(sto) dum it quot / m(aior) p(ars) decurionum decreverit qui tum aderunt fiat / CIIII // Qui limites decumanique intra fines c(oloniae) G(enetivae) deducti facti/que erunt quaecumq(ue) fossae limitales in eo agro erunt / qui iussu C(ai) Caesaris dict(atoris) imp(eratoris) et lege Antonia / senat(us)que / c(onsultis) pl(ebi)que sc(itis) ager datus atsignatus erit ne quis limites / decumanosque opsaeptos neve quit immolitum neve / quit ibi opsaeptum habeto neve eos arato neve e<a=I>s fossas / opturato neve opsaepito quo minus suo itinere aqua / ire fluere possit si quis atversus ea quit fecerit is in / res sing(ulas) quotienscumq(ue) fecerit HS M c(olonis) / c(oloniae) G(enetivae) I(uliae) d(are) d(amnas) esto / eiusq(ue) pecun(iae) <q=C>ui volet petitio p(ersecutio)q(ue) esto / CV // Si quis quem decurion(em) indignum loci aut ordinis de/curionatus esse dicet praeterquam quot libertinus / erit et ab IIvir(o) postulabitur uti de ea re iudici/um reddatur IIvir quo de ea re in ius aditum erit / ius dicito iudiciaque reddito isque decurio / qui iudicio condemnatus erit postea decurio / ne esto neve in decurionibus sententiam dici/to neve IIvir(atum) neve aedilitatem petito neve / quis IIvir comitis suffragio eius rationem / habeto neve IIvir(um) neve aedilem renunti/ato neve renuntiari sinito / CVI // Quicumque c(olonus) c(oloniae) G(enetivae) erit quae iussu C(ai) Caesaris dict(atoris) ded(ucta) / est ne que(m) in ea col(onia) coetum conventum coniu//[rationem // ] IIvir(?)qu[3] / esto / CVIIII // Cui pupillo pupill[aeve mulierive col(onis) col(oniae) Gen(etivae) Iul(iae) in His]/pania tutor no[n erit incertusve erit si is pupil]/lus eave pup(illa) mul[ierve at IIvir(um) adierit et pos]/tulabit uti sibi tu[torem det et nominabit quem tuto]/rem sibi dari v]olet tum is IIvir a quo ita pos]/tulatu[m erit // d]ebeto neve cui [3] / [3] ea dicta erit pet[3] / [3 qui]cumque er[unt // ]unt / [3]IN erint / [3 le]gito ita ut ex / [3 iu]dices legant / [3 iudic]es legat ni/[si 3] non erit / [3] annos XX na[/tus 3]is causa / [3] iudic[3] / [3] min[us(?) // ]Q[3] ita le[cti 3] / [3 ta]bula in albo in pub[lico 3] / [3] IIvir (?) iudi[c 3] / [3]AD[ // non pe]tet neque pos/[tulaverit 3 qui pro]vinciae prae/[erit 3 v]adimonium / [3] non deiera/[verit 3 i]niuriam non / [3] in colon(ia) // CX[X?] // II[vir(?) iu]dicio certa/[re volet 3 c]olon(ia) sibi / [3 postula]bit uti e(a) r(es) in con/[3]um ex edicto e/[3 pr]omittat fac[ // ]AD[3] / [3 cu]m servo furti ag[3] / [3 d]ominum it furtum pertineat [3] / [3]s erit quam in ea colon(ia) iuris[3] / [3 eiu]s rei in ea colon(ia) actio esto qu[3] / [3] actio erit earum rerum ali[ // ]AS[3] / ME[3] / nequ[3]/tio iu[3] / esto F[3] / neve F[3] / probr[3] / recip[erator // ]V[3] / [3 ad]versus [3] / [3]que recusa[3] / [3] defendat tum [3] / [3] qui ad eum [3] / [3]um [ // ]us [3] / [3 p]lebis [ // ]VSV[3] / [3 I]Ivir(?) [3] / [3]VM [3] / [3]ERI[3] / [3]V[ // eum] / qui accusabitur ab his iudicibus eo iudicio absolvi / iubeto qui ita absolutus erit quod iudicium [pr]aevari/cation(is) causa / <f=E>actum non sit is eo iudicio h(ac) l(ege) absolutus esto / CXXIIII // Si quis decurio c(oloniae) G(enetivae) decurionem c(oloniae) G(enetivae) h(ac) l(ege) de indignitate ac/cusabit eum(que) quem accusabit eo iudicio h(ac) l(ege) condemna/rit is qui quem eo iudicio ex h(ac) l(ege) condemnarit si volet / in eius locum qui condemnatus erit sententiam dice/re ex h(ac) l(ege) liceto itque eum s(ine) f(raude) s(ua) iure lege /recteq(ue) fa/cere liceto eiusque is locus in decurionibus sen/tentiae dicendae rogandae h(ac) l(ege) esto / CXXV // Quicumque locus ludis decurionibus datus atsignatus / relictusve erit ex quo loco decuriones ludos spectare / o(portebit) ne quis in eo loco nisi qui tum decurio c(oloniae) G(enetivae) / erit qui/ve tum magistratus imperium potestatemve colonor(um) / suffragio geret iussu{q}ve C(ai) Caesaris dict(atoris) co(n)s(ulis) / prove / co(n)s(ule) habebit quive pro quo imperio potestateve tum / in col(onia) Gen(etiva) erit quibusque locu<m=S> in decurionum loco / ex d(ecurionum) d(ecreto) col(oniae) Gen(etivae) d(ari) o(portebit) quod / decuriones de(c)r(everint) cum non minus / dimidia pars decurionum adfuerit cum e(a) r(es) consulta erit /ne quis praeter eos qui s(upra) s(cripti) s(unt) qui locus decurionibus da/tus atsignatus relictusve erit in eo loco sedeto neve / quis alium in ea loca sessum ducito neve sessum (d)uci / iubeto s(ciens) d(olo) m(alo) si quis adversus{ve} ea sederit sc(iens) / d(olo) m(alo) [si]ve / quis atversus ea sessum duxerit ducive iusserit sc(iens) d(olo) m(alo) / is in res sing(ulas) quotienscumque quit d(e) e(a) r(e) atversus ea / fecerit HS V(milia) c(olonis) c(oloniae) G(enetivae) I(uliae) / d(are) d(amnas) esto eiusque pecuniae qui eorum / volet rec(iperatorio) iudicio aput IIvir(um) praef(ectum)ve actio petitio / perse/cutio ex h(ac) l(ege) i(us) potest(as)que e(sto) / CXXVI // IIvir aed(ilis) praef(ectus) quicumque c(oloniae) G(enetivae) I(uliae) ludos scaenicos faciet si/ve quis alius c(oloniae) G(enetivae) I(uliae) ludos scaenicos faciet colonos Geneti/vos incolasque hospites(que) atventoresque ita sessum du/cito ita locum dato <at=DIS>tribuito atsignato uti d(e) e(a) r(e) de / eo loco dando atsignando decuriones cum non min(us) / L decuriones cum e(a) r(es) c(onsuletur) in decurionibus adfuerint / decreverint statuerint s(ine) d(olo) m(alo) quot ita ab decurionib(us) / de loco dando atsignando statu<tum=ENDO> decretum erit/ it h(ac) l(ege) i(us) r(atum)q(ue) esto neve is qui ludos faciet aliter aliove / modo sessum ducito neve duci iubeto neve locum dato / ne(ve) dari iubeto neve locum attribuito neve attribui / iubeto neve locum atsignato neve atsignari iubeto ne/ve quit facito quo{d} aliter aliove modo adque uti / locus datus atsignatus attributusve erit sedeant ne/ve facito quo quis alieno loco sedeat sc(iens) d(olo) m(alo) qui atver/sus ea fecerit is in res singulas quotiens[c]umque quit / atversus ea fecerit HS V(milia) c(olonis) c(oloniae) G(enetivae) I(uliae) d(are) d(amnas) e(sto) eiusque pecuni/ae <q=C>ui volet rec(iperatorio) iudicio aput IIvir(um) praef(ectum)ve actio pe/titio persecutioque h(ac) l(ege) ius potestasque esto / CXXVII // Quicumque ludi scaenici c(oloniae) G(enetivae) I(uliae) fient ne quis in or/chestram ludorum spectandor(um) causa praeter mag(istratum) / prove mag(istratu) p(opuli) R(omani) quive i(ure) d(icundo) p(raeerit) et si quis senator p(opuli) R(omani) est erit / fuerit et si quis senatoris f(ilius) p(opuli) R(omani) est erit fuit et si / quis praef(ectus) fabrum eius mag(istratus) prove magistratu / qui provinc(iarum) Hispaniar(um) ulteriorem Baeticae pra(e)/erit(!) optinebit er<it=VNT> et quos ex h(ac) l(ege) decurion<u=E>m loco / decurionum sedere oportet oportebit praeter eos / qui s(upra) s(cripti) s(unt) ne quis in orchestram ludorum spectan/dorum causa sedeto neve quisque mag(istratus) prove mag(istratu) / p(opuli) R(omani) qui i(ure) d(icundo) p(raeerit) ducito neve quem quis sessum ducito / neve in eo loco sedere sinito uti q(uod) r(ecte) f(actum) e(sse) s(ine) d(olo) m(alo) / CXXVIII // II(vir) aed(ilis) pra(e)f(ectus) c(oloniae) G(enetivae) I(uliae) quicumque erit is suo quoque anno mag(istratu) / imperioq(ue) facito curato quod eius fieri poterit / u(ti) q(uod) r(ecte) f(actum) e(sse) v(olet) s(ine) d(olo) m(alo) mag(istri) ad fana templa delubra que(m) / ad modum decuriones censuerint suo qu<o=EM>/que anno fiant eiqu[e] d(ecurionum) d(ecreto) suo quoque anno / ludos circenses sacr[i]ficia pulvinariaque / facienda curent que(m)[a]d modum quitquit de iis / rebus mag(istris) creandis [l]udis circensibus facien/dis sacrificiis procu[r]andis pulvinaribus fa/ciendis decu(riones) statuerint decreverint / ea omnia ita fiant deque iis omnibus rebus / quae s(upra) s(criptae) s(unt) quotcumque decuriones statuerint / decreverint it ius ratumque esto eiq(ue) omnes / at quos ea res pertinebit quot quemque eorum / ex h(ac) l(ege) facere oportebit faciunto s(ine) m(alo) si quis / atversus ea fecerit quotiens(cum)que quit atver/sus ea fecerit HS X(milia) c(olonis) c(oloniae) G(enetivae) I(uliae) d(are) d(amnas) e(sto) eiusque pecun(iae) / cui eorum volet rec(iperatio) iudic(io) aput IIvir(um) inter/regem praef(ectum) actio petitio persecutioqu(e) e(x) h(ac) l(ege) / ius pot(estas) esto / CXXIX // IIvir(i) aediles praef(ectus) c(oloniae) G(enetivae) I(uliae) quicumqu(e) erunt decurionesq(ue) c(oloniae) G(enetivae) I(uliae) qui/cumq(ue) erunt ii omnes d(ecurionum) d(ecretis) diligenter parento optemperanto s(ine) d(olo) m(alo) fa/ciuntoque uti quot quemq(ue) eor(um) decurionum d(ecreto) agere facere o(portebit) ea om/nia agant faciant u(ti) q(uod) r(ecte) f(actum) e(sse) v(olent) s(ine) d(olo) m(alo) si quis ita non fecerit sive quit atver/sus ea fecerit sc(iens) d(olo) m(alo) is in res sing(ulas) HS X(milia) c(oloniae) G(enetivae) I(uliae) d(are) d(amnas) e(sto) eiusque pecuniae cui / eor(um) volet rec(iperatorio) iudic(io) aput IIvir(um) praef(ectum)ve actio petitio persecutioque ex h(ac) l(ege) / ius potestasque e(sto) / CXXIX // IIvir(i) aediles praef(ectus) c(oloniae) G(enetivae) I(uliae) quicumqu(e) erunt decurionesq(ue) c(oloniae) G(enetivae) I(uliae) qui/cumq(u)e erunt ii omnes d(ecurionum) d(ecretis) diligenter parento optemperanto s(ine) d(olo) m(alo) fa/ciuntoque uti quot quemq(ue) eor(um) decurionum d(ecreto) agere facere o(portebit) ea om/nia agant faciant u(ti) q(uod) r(ecte) f(actum) e(sse) v(olent) s(ine) d(olo) m(alo) si quis ita non fecerit sive quit atver/sus ea fecerit sc(iens) d(olo) m(alo) is in res sing(ulas) HS X(milia) c(oloniae) G(enetivae) I(uliae) d(are) d(amnas) e(sto) eiusque pecuniae cui / eor(um) volet rec(iperatorio) iudic(io) aput IIvir(um) praef(ectum)ve actio petitio persecutioque ex h(ac) l(ege) / ius potestasque e(sto) CXXX // Ne quis IIvir aed(ilis) praef(ectus) c(oloniae) G(enetivae) I(uliae) quicunque erit ad decurion(es) c(oloniae) G(enetivae) referto neve decurion(es) / consulito neve d(ecretum) d(ecurionum) facito neve d(e) e(a) r(e) in tabulas p(ublicas) referto neve referri iubeto / neve quis decur(io) d(e) e(a) r(e) q(ua) d(e) r(e) a(getur) in decurionib(us) sententiam dicito neve d(ecretum) d(ecurionum) scri/bito neve in tabulas pu[b]licas referto neve referundum curato quo quis / senator senatorisve f(ilius) p(opuli) R(omani) c(oloniae) G(enetivae) patronus atoptetur sumatur fiat nisi de tri/um partium d(ecurionum) {D} senten[t(ia)] per tabellam fac{i}t<a=O> et nisi de eo homine de quo / tum referetur consuletu[r] d(ecurionum) d(ecretum) fiat qui cum e(a) r(es) a(getur) in Italiam sine imperio privatus / erit si quis adversus ea ad [dec]urion(es) rettulerit d(ecretum)ve d(ecurionum) fecerit faciendumve / curaverit inve tabulas p[ublicas] rettulerit referrive iusserit sive quis in decurionib(us) / sententiam dixerit d(ecretum)ve [d(ecurionum) scrips]erit in tabulas publicas rettulerit referendunve / curaverit in res sing(ulas) quo[tienscu]mque quit atversus ea fecerit is HS C(milia) c(olonis) c(oloniae) G(enetivae) I(uliae) / d(are) d(amnas) e(sto) eiusque pecuniae cui [eor(um) vole]t rec(iperatorio) iudic(io) aput IIvir(um) interregem praef(ectum) actio / petitio persecutioqu[e ex h(ac) l(ege) i(us) pot]est(as)que e(sto)/ CXXXI // Neve quis IIvir aed(ilis) praef(ectus) [(c(oloniae) G(enetivae)] / [I(uliae) quicu]mque erit ad decuriones c(oloniae) G(enet,Osuna,37.2373642,-5.1033081
gladiator*,basa,unknown,L(ucio) Fabio L(uci) f(ilio) Gal(eria) Cordo / IIIIviro / populus m(unicipii) C(aesarini?) ob XX paria / gladiatorum data pro / salute et Victoria Caesarum / locus et inscriptio d(ecreto) d(ecurionum) / p<e=I>r tabellam data,Jerez de la Frontera,36.6850064,-6.126074399999999
gladiator*,basis,honorarius,C(aio) Clodio Hilaro / biselliario / cui ordo conscript(orum) / ornamenta / decur(ionalia) dedit / quod is ob honor(em) biselli / ((sestertia)) XXV(viginti quinque milia nummum) rei p(ublicae) obtulerit ex quib(us) / familia glad(iatoria) ex postulatu / universor(um) per ipsum edita est / ad cuius impensas insuper / universa plebs ad ampliandam / muneris eius famam / ⸢obtulit⸣ insuper ((sestertia))XXV (viginti quinque milia) n(ummum) / ordo Augustal(ium) pec(unia) sua / ob cuius dedic(ationem) pavit in Capitol(io) / pane et vino promiscue posito / et dedit sportulas / dec(urionibus) August(alibus) regal(ibus) sing(ulis) ((denarios)) quinos. / L(ocus) d(atus) d(ecreto) d(ecurionum).,Formia (Latina),41.2559961,13.6068672
gladiator*,tabula,cetera,[---] / divisiones reliq[u]am, coṇsentiente pleb(e), / in munus gladiatorium [e]t saepta lign̂ea / ⸢impendere⸣, ita ut dedicat[i]one statuae / Imp(eratoris) Antonini Aug(usti) Pii, p(atris) p(atriae), ediṭio inchoetur / et eodem die omnibus an̂n̂is celebretur, / dum ea quae legibus plebìsve scitis / senatusque consultis cauta com̂pre/hensaque sunt, serventur.,Bra (Cuneo), frazione Pollenzo,44.41,7.53
gladiator*,tabula,honorarius,[---] / [duoviro(?)], q̅(uaestori) p(ecuniae) p(ublicae), / [cur(atori) mune]r(is) glad(iatori), / [Casina]tes / [aere col]lato / [ob mer]ita / [---],Cassino (Frosinone),41.4907889,13.8333776
gladiator*,parallelepipedum,sepulcralis,[Ti(berio) - c. 4 - l]ịo Vibi f(ilio) Clu(stumina) patri, / [- c. 4 -]lio Ti(beri) f(ilio) Clu(stumina) fratri, / [---]iae matri. / [- c. 4 -]lius Ṭi(beri) f(ilius) Pup(inia) Clemens, scr(iba)  / [vir(orum), trib(unus) m]il(itum) a popuḷo, (duovir) iure dicundo Carsulis sex(ies(?)) / [- c. 8 -]x s(enatus(?)) c(onsulto(?)). Hịc primus munus gladiatorium municipio .,Terni Carsulae,42.6331432,12.5607803
gladiator*,basis, statua,honorarius,Ṃ(arco) Pomponio M(arci) Pom/ [p]oni Libonis trierarchi / f̣il(io) Maec(ia) Diogeni, / I̅I̅⸢duoviro⸣ q(uin)q(uennali): huic ordo ḍecurio/num ob munificentiam eius, ⸢quod⸣ / familiam gladiatoriam ex sua / liberalitate ob honorem q(uin)q(uennalitatis) / primus ediderit, [it]em accep/tis ((sestertiis)) X̅X̅V̅ m̅(ilibus) n(ummum) p[ecu]nia pu/blica alium d[iem] enixe c[u]/raverit, statuam poneṇḍa⸢m⸣ / pecunia publica ⸢censuit⸣. / L(ocus) d(atus) d(ecreto) d(ecurionum). / / 〈:in latere sinistro intuentibus〉 / ((urceus)) / 〈:in latere dextro intuentibus〉 / ((patera)),Capaccio - Paestum (Salerno), Paestum,40.4248153,15.0769699
gladiator*,basis, statua,honorarius,Cn(aeo) Voesio / Cn(aei) f(ilio) Apro, / quaestori, aedili, ⸢duoviro⸣, / flamini Divi Aug(usti), ⸢seviro⸣ / Augustali, curatori annon(ae) / triennio continuo, curat(ori) / muneris publici gladiatori III, / ⸢quod⸣ is tempore honorum cu/rarumque suarum plenissimo / munificentiae studio voluptatib(us) / et utilitatibus populi plurima / contulerit, ludum etiam gladi/atorium et spoliar(ium) solo ẹṃp̣to / sua pecunia exstructum publice op/ ⸢obtulerit⸣, cuius meritis, postulante populo, / statuam publice poni placuit d(ecurionum) d(ecreto).,Palestrina (Roma),41.8383438,12.888712
gladiator*,epistylium,oper. publ. priv.que,Q(uintus) Vìbiụs C(ai) f(ilius) Aper, ạ[ed(ilis), ⸢duovir⸣ q(uin)]q̣(uennalis, flam[en, aug]ụr, C(aius) Marciụs C(ai) f(ilius) Ambitio ⸢duovir⸣ IỊ [---] / [amp]hiteatrum e[x dec(reto) dec(urionum) pecunia] sua fac[iendum cu]raverunt ìdemq̣ue mụnere gladiatorio +[---]. / [Pro parte di]midia opus in [solo privato est].,Venafro (Isernia),41.4819259,14.0402307
gladiator*,tabula,honorarius,[---] / [---]sidio Vinc[---] / [co]nsulari pro[v(inciae) ---], / [pa]trono muni[cipi Iuvanensium], / [de]curiones et [municipes dedicav]/ [e]runt ob specta[culum gladiatori]/ [u]m editum biduo, a[ccepta pecunia] / publica de ((sestertiis)) X̅X̅X̅ (triginta milibus) a[liumque sua] / pecunia editum; qui h[onor(e) usus die de]/dicationis epul[um dedit et publi]/ce decurionibu[s ((denariorum)) III Augustalibus] / ((denariorum)) II plebei ((denarii)) I div[isiones distribuit].,Montenerodomo (Chieti), località S. Maria di Palazzo,41.9787312,14.2521453
gladiator*,tabula,sepulcralis,L(ucius) Pápius L(uci) f(ilius) Ter(etina) Pollio, duovir, L(ucio) Papio L(uci) f(ilio) Fal(erna), patri; / mulsum et crustum colonis ⸢Sinuessanis⸣ et ⸢Caedicianis⸣ / omnibus, munus gladiatorium, cenam colonis ⸢Sinuessanis⸣ / et Pápieis. Monumentum ((sestertium)) ((%10000)) ((%1000)) ((%1000)) (duodecim milibus) ex testamento, / arbitrátu L(uci) Novercini L(uci) f(ili) Pup(inia) Pólliónis.,Suessa Aurunca (Caserta), loc. Pertecale,41.2383257,13.9325868
gladiator*,basis, statua,honorarius,〈:in fronte〉 / M(arco) Lurio M(arci) f(ilio) Palat(ina) / Lucretiano, patrono municipi(i), / Tiburtes municipes / aere collato, quod / honore sibi quinquen/nalitatis oblato, XX paria / gladiatorum et venation(em) / sua pecunia ediderit. / L(ocus) d(atus) s(enatus) c(onsulto). / / Dedicata / VIIII Kal(endas) August(as), / L(ucio) Eggio Marullo, / Cn(aeo) Papirio Aeliano co(n)s(ulibus),Tivoli (Roma),55.6736841,12.5681471
gladiator*,basis, statua?,honorarius,[L(ucio) Fadio Piero, ⸢duoviro⸣], / [munificentissimo civi], / [qui] ob hono[rem decur(ionatus) eo]/dem anno [quo factus est] / glad(iatorum) paria [XXX et venationem] / bestiarum A[fricanar(um) et post] / paucos mens[es duumviratu suo, ac]/ceptis a re p(ublica) ((sestertiis)) [XIII ⸢tredecim milibus⸣ n(ummum), venation(es)] / plenas et gla[diatorum paria XXI dedit] / item post ann[um ludos scaenicos p(ecunia) s(ua) f(ecit)]. / PHO[---] / ex a[ere collato]. / L(ocus) d(atus) [d(ecreto) d(ecurionum)].,Alife (Caserta),41.3274024,14.3336256
gladiator*,ignoratur,honorarius,M(arco) Valerio M(arci) f(ilio), / aed(ili), dict(atori), / praef(ecto) Iuventutis, / municipes compitenses ⸢vicorum⸣ / quinque, quod specus {millia} / ⸢passuum⸣ MMM (tres milia) purgavit, refecit, / fistulas reposuit, balnea virilia / utraque et muliebre de sua / pecunia refecit, populo viscerati(onem), / gladiatores dedit, lumina, ludos / I(unoni) S(ispiti) M(atri) R(eginae) solus fecit.,Lanuvio (Roma),41.675393,12.6980262
gladiator*,basis, donum,sacer,Vestae sacru(m). / P(ublius) Titius L(uci) f(ilius), / P(ublius) Curtius P(ubli) f(ilius) Salas(sus), / ⸢quattuorviri⸣, de munere / gladiatorio, / ex s(enatus) c(onsulto).,Canosa (Barletta-Andria-Trani)?,43.1613966,-8.6861014
gladiator*,unbestimmt,unbestimmt,C(aio) Clodio Hilaro / biselliario / cui ordo conscript(orum) / ornamenta / decur(ionalia) dedit / quod is ob honor(em) biselli / HS XXV(viginti quinque milia nummum) rei p(ublicae) obtulerit ex quib(us) / familia glad(iatoria) ex postulatu / universor(um) per ipsum edita est / ad cuius impensas insuper / universa plebs ad ampliandam / muneris eius famam / optulit (sic) insuper HS XXV(viginti quinque milia) n(ummum) / ordo Augustal(ium) pec(unia) sua / ob cuius dedic(ationem) pavit in Capitol(io) / pane et vino promiscue posito / et dedit sportulas / dec(urionibus) August(alibus) regal(ibus) sing(ulis) |(denarios) quinos / l(ocus) d(atus) d(ecreto) d(ecurionum),Formia,41.2559961,13.6068672
gladiator*,unbestimmt,unbestimmt,Martei (sic) sacr<um=A> / P(ublius) Curtius P(ubli) f(ilius) Salassu[s] / P(ublius) Titius L(uci) f(ilius) IIIIvir(i) / de munere gladiator(io) / ex s(enatus) c(onsulto),Canosa di Puglia,41.2224319,16.0660707
gladiator*,statuenbasis,ehreninschrift,P(ublio) Comi[nio P(ubli) f(ilio)] / Cl(audia) Cle[menti] / honorat(o) e[q(uo) pub(lico) praef(ecto)] / coh(ortis) V Ling[onum trib(uno) mil(itum) leg(ionis) II] / adiutr(icis) p(iae) f(idelis) [donis milit(aribus) donato] / expedition[e Parthica corona] / murali has[ta pura ab Impera]/torib(us) Caes(aribus) An[tonino et Vero Aug(ustis)] / Armeniac(is) Me[dic(is) Parthic(is) maxim(is)] / praef(ecto) alae I si[ngularium c(ivium) R(omanorum) proc(uratori)] / ad XX hered(itatium) pe[r Hispaniam citerio]/rem proc(uratori) ad f[amil(iam) gladiator(iam)] / per Italiam p[roc(uratori) [---] praef(ecto)] / classis pr(aetoriae) Mis[enens(is) et Ravennat(is)] / proc(uratori) Dacia[e Apulensis [---]] / [---],Concordia Sagittaria,45.7572285,12.842294
gladiator*,tafel,ehreninschrift,[---] / [ - - - - - - - - - - ] / [[---] pro hono]re q(uin)q(uennalitatis) sua[e] / [---] in editione / [gladiatori mune]ris decem pari/[a gladiatorum] optulit (sic) cui ob / [merita pecuni]a sua ordo et / [populus [---] F]aliscorum / [---statua]m eques[trem] / [ - - - - - - - - - - ] / [---],Fabrica di Roma,42.3347553,12.2949282
gladiator*,tafel,ehreninschrift,[---] / [col(onia) Iul(ia) Pat(erna) Arel]ate ob / [munificentia]m eius / [hanc aeneam st]atuam / [cum base quam o]ptaver(at) / [decrevit quod m]unera / [gladiatorum r]emiser(at) / [atque ad repa]randam / [nostram basilic]am HS n(ummum) sex (milia) / [ex quorum in]cremento / [haec restau]raretur / [dederat et eo]dem die / [ab eo dec(urionibus) discu]mbentib(us) / [divisae sunt spo]rtulae,Arles,43.676647,4.6277769
gladiator*,tafel,rechtliche verfügung, öffentlich,S(enatus) c(onsultum) [---] / [---] in Palatio in porticu quae est ad Apollinis scr(ibundo) ad(fuerunt) C(aius) Ateius L(uci) f(ilius) Ani(ensis) Capito Sex(tus) Pomp[eius Sex(ti) f(ilius) [---]] / [---] Octavius C(ai) f(ilius) Ste(llatina) Fronto M(arcus) Asinius Curti f(ilius) Arn(ensis) Mamilianus C(aius) Gavius C(ai) f(ilius) Pob(lilia) Macer q(uaestor) A(ulus) Did[ius [.] f(ilius) [---] Gallus q(uaestor)] / [quod M(arcus) Silan]us L(ucius) Norbanus Balbus co(n)s(ules) v(erba) f(ecerunt) commentarium ipsos composuisse sic uti negotium iis [datum de rebus ad libidinem] / [femina]rum pertinentibus aut ad eos qui contra dignitatem ordinis sui in scaenam ludumv[e prodirent seve? auctora(?)]/[rent] u(ti) s(ancitur) s(enatus) c(onsultis) quae d(e) e(a) r(e) facta essent superioribus annis adhibita fraude qua maiestatem senat[us minuerent q(uid) d(e) e(a) r(e) f(ieri) p(laceret) d(e) e(a) r(e) i(ta) c(ensuere)] / [pla]cere ne quis senatoris filium filiam nepotem neptem pronepotem proneptem neve que[m cuius patri aut avo] / [v]el paterno vel materno aut fratri neve quam cuius viro aut patri aut avo paterno ve[l materno aut fratri ius] / fuisset unquam spectandi in equestribus locis in scaenam produceret auctoramentove ro[garet ut in? harena? depugna(?)]/ret aut ut pinnas gladiatorum raperet aut rudem tolleret aliove quod eius rei simile min[istraret neve si quis se] / praeberet conduceret neve quis eorum se locaret idque ea de causa diligentius caveri dum [ne d(olo) m(alo) perseverent qui] / eludendae auctoritatis eius ordinis gratia quibus sedendi in equestribus locis ius erat aut p[ublicam ignominiam] / ut acciperent aut ut famoso iudicio condemnarentur dederant operam et postea quam ei des[civerant sua sponte ex] / [equ]estribus locis auctoraverant se aut in scaenam prodierant neve quis eorum de quibus [s(upra) s(criptum) e(st) si id contra dignitatem ordi]/[nis su]i faceret libitinam haberet praeterquam si quis iam prodesset (sic) in scaenam operasve [suas ad harenam locasset si]/[ve na]tus natave esset ex histrione aut gladiatore aut lanista aut lenone / [quodque s(enatus)] c(onsulto) quod M(anio) Lepido T(ito) Statilio Tauro co(n)s(ulibus) referentibus factum esset scriptum compre(he)n[sum esset ne cui ingenuae quae] / [minor qua]m an(norum) XX neve cui ingenuo qui minor quam an(norum) XXV esset auctorare se operas[ve suas ad? harenam? scaenamve(?)] / [---]s locare permitteretur nisi qui eorum a divo Augusto aut ab Ti(berio) Caesare Aug[usto in [---]] / [---co]niectus esset <qui eorum> is qui ita coniecisset auctorare se operasve suas [locare si eum divus Augustus aut Ti(berius)] / [Caesar Aug(ustus) ad l]arem redducendum esset statuissent id servari placere praeterquam [---] / [---],Larino,41.8051553,14.9191123
gladiator*,unbestimmt,unbestimmt,Q(uinto) Avelio Q(uinti) f(ilio) Serg(ia) Prisco / Severio Severo n((?)) Rufo flamini divi / Augusti patrono municipii / primo omnium Corfiniensium quaestori rei publicae / IIIIvir(o) aedili IIIIvir(o) i(ure) d(icundo) IIIIvir(o) quinq(uennali) pontif(ici) Laurenti Lavinati / hic ob honorem quinq(uennalitatis) munus gladiatorium edidit et ob / honorem IIIIvir(atus) ludos scaenicos dedit et ob honor(em) aedilit(atis) ludos deae Vetidinae / fecit et in subsidium annonae frument(um) HS L m(ilibus) n(ummum) rei p(ublicae) Corfiniens(ium) et balineum Avelianum / muliebre cum HS XXX m(ilibus) n(ummum) donavit frequentesque epulationes et divisiones nummar(ias) / universis civibus ex suo distribuit et onera rei p(ublicae) gratuita pecunia saepius iuvit / Corfinienses publice ob insignem / eius erga rem publicam adfectum / Avelius Priscus honore usus impens(am) remisit,Corfinio,42.1219109,13.8403907
gladiator*,unbestimmt,unbestimmt,M(arco) Aurel(io) M(arci) fil(io) Pal(atina) Iulio / Eupraepeti spl(endido) eq(uiti) R(omano) / patron(o) col(oniae) IIvir(o) q(uin)q(uennali) pon(tifici) S(anctae(?)) F(ortunae) P(rimigeniae) / ludos scaenicos Pal(atinorum(?)) relig(ione) dign(os) / Fort(unae) Prim(igeniae) ededit (sic) convocatio etiam / corporib(us) colleg(iorum) cum honest(a) divis(ione) / sport(ularum) promeruit hic primus / Praenest(inorum) indulgent(ia) sacra / impetrata die lusionis seu {con} / conpositionis (sic) singul(as(?)) feras cum / par(ibus) gladiator(um) ededit (sic) et d[ie] / [mune]ris [---],Palestrina,41.8383438,12.888712
gladiator*,vaso,estampilla,[- - -] muner[a gladiatorum - - -],Viana,42.5154,2.3727
